image_id,upper_left_x,upper_left_y,upper_right_x,upper_right_y,lower_right_x,lower_right_y,lower_left_x,lower_left_y
1153,246,125,293,162,288,244,233,227
1148,240,146,280,172,276,243,232,231
1133,224,179,247,190,244,234,220,230
1151,244,136,288,169,283,246,232,231
1140,243,163,271,180,270,234,239,227
1280,290,15,429,41,442,166,284,156
1146,240,155,277,179,274,246,233,236
1308,335,141,428,141,447,232,351,243
1265,194,3,363,49,370,204,149,185
1328,351,185,413,182,425,245,362,253
1264,197,-1,365,48,371,204,148,180
1290,331,48,456,69,472,186,335,180
1333,345,170,414,169,424,237,354,244
1329,350,181,414,178,425,242,361,250
1278,272,14,415,39,428,167,263,158
1292,330,61,453,79,470,194,336,192
1324,347,183,409,180,421,243,358,252
1271,210,29,369,59,377,204,185,197
1275,242,24,391,49,403,182,228,176
1331,348,177,413,174,424,240,357,248
1332,347,173,414,172,425,239,356,246
1273,224,28,378,54,388,193,205,188
1287,327,37,456,62,470,181,328,172
1274,233,26,384,52,396,188,217,182
1316,342,168,415,168,427,241,353,248
1323,344,178,407,175,419,238,355,247
1288,330,39,457,63,472,182,331,174
1303,327,129,430,130,452,230,345,243
1309,335,142,426,142,444,230,351,241
1279,280,14,422,40,435,165,274,156
1296,331,90,448,101,468,213,343,217
1315,343,170,418,170,431,245,354,252
1310,335,146,423,145,441,232,350,242
1283,311,24,445,51,458,174,308,163
1276,253,19,400,45,411,176,241,168
1326,349,190,411,187,423,250,360,258
1266,191,8,361,49,368,204,150,189
1268,196,19,362,55,369,207,162,196
1298,330,103,444,110,465,219,345,227
1293,328,67,450,83,468,198,337,198
1307,334,139,428,140,448,232,350,243
1313,342,163,422,164,436,243,354,251
1322,342,173,406,171,418,235,353,243
1285,321,29,452,57,465,178,319,166
1325,348,188,410,184,422,247,359,256
1301,328,118,436,120,458,224,346,236
1295,331,81,450,94,469,207,342,210
1330,349,179,414,176,425,241,359,249
1286,325,33,454,59,468,180,323,170
1282,304,22,440,49,453,172,300,161
1304,327,133,429,133,451,231,345,244
1319,338,170,406,169,418,237,349,244
1263,201,-6,367,47,373,203,149,175
1269,200,25,364,59,371,210,169,199
1300,330,112,440,115,462,220,347,232
1311,338,151,423,151,440,235,352,244
1320,337,171,404,169,416,236,348,243
1314,344,168,421,169,434,246,355,253
1318,340,168,409,167,421,236,350,243
1281,298,18,435,45,449,169,293,158
1305,330,135,429,135,450,232,347,244
1291,331,54,455,74,471,190,336,186
1270,205,28,366,60,374,208,177,200
1267,192,13,361,51,368,205,154,193
1289,331,43,457,66,472,183,334,176
1306,333,137,430,137,450,232,349,244
1312,340,157,422,157,437,239,353,248
1327,349,189,412,185,424,248,361,257
1297,331,98,446,107,466,218,343,224
1277,262,15,407,41,419,170,252,162
1294,329,73,450,88,468,202,338,203
1302,327,124,433,125,455,227,345,240
1284,317,26,450,54,462,175,314,164
1272,215,29,372,56,381,198,193,193
1317,342,166,413,166,425,237,353,244
1321,339,171,404,169,416,235,350,242
1299,330,107,442,112,464,219,346,229
1386,179,156,313,148,322,282,180,294
1335,343,160,416,159,427,231,352,237
1384,191,162,338,156,349,302,193,314
1361,246,145,464,143,494,357,251,382
1398,102,131,196,122,200,218,101,232
1338,340,150,420,150,432,228,348,234
1391,156,140,267,130,273,242,156,255
1350,318,124,447,128,457,252,318,254
1596,205,38,222,39,219,54,202,53
1603,153,38,170,35,169,51,152,54
1607,105,37,122,32,122,49,105,54
1600,173,38,190,37,188,52,171,54
1611,41,54,57,46,58,63,42,70
1588,295,14,311,17,307,31,290,28
1590,274,21,290,23,286,38,270,36
1595,214,39,231,39,227,54,211,54
1587,306,6,322,9,318,23,302,20
1594,226,35,242,37,239,52,222,51
1606,121,39,137,35,137,51,121,55
1612,23,61,39,53,40,70,24,78
1592,252,25,269,27,265,41,249,40
1602,160,39,177,37,176,53,159,55
1608,89,39,106,34,107,50,90,56
1605,134,39,151,36,150,52,134,55
1589,285,19,301,22,297,36,281,33
1591,264,22,280,24,276,39,260,37
1686,393,165,422,166,424,196,393,195
1697,341,170,379,173,379,211,341,209
1687,394,166,425,167,426,198,395,197
1692,373,180,407,181,408,216,374,214
1675,332,114,358,114,358,139,332,139
1684,390,174,418,175,419,204,390,203
1695,356,171,392,172,392,209,356,207
1674,326,106,352,106,352,131,326,131
1672,314,91,340,91,340,115,315,115
1663,256,61,279,60,280,81,256,84
1650,81,42,101,36,102,55,82,63
1676,338,121,364,122,364,147,338,147
1679,358,143,386,145,386,171,358,170
1696,348,170,385,172,385,209,348,208
1688,393,172,424,173,426,205,394,204
1661,238,62,261,60,262,82,238,84
1651,94,44,115,38,117,57,95,65
1660,227,61,250,59,251,81,228,83
1671,306,84,331,82,333,107,307,107
1664,264,63,288,62,289,84,265,86
1701,312,176,354,180,353,222,310,220
1669,292,72,318,71,319,94,293,96
1673,320,98,346,98,346,123,320,123
1677,345,128,372,129,371,155,345,154
1680,367,152,394,153,394,180,367,179
1646,22,61,40,54,40,74,22,82
1690,386,182,418,183,420,216,387,215
1698,334,171,373,173,373,212,333,211
1647,39,56,57,49,57,69,38,77
1705,294,187,341,191,340,239,292,237
1645,7,66,24,58,24,77,5,87
1703,305,175,349,179,348,224,302,221
1706,290,191,338,196,336,245,287,242
1693,369,175,403,177,404,211,369,211
1656,168,56,191,52,192,73,169,77
1662,247,61,270,60,270,81,247,84
1691,379,183,412,184,412,218,379,217
1648,55,50,75,43,75,63,56,70
1655,154,57,176,53,177,73,155,78
1666,274,63,299,62,300,84,275,86
1678,352,135,378,137,378,163,352,162
1658,199,58,222,55,223,76,200,80
1649,69,44,89,37,90,57,70,64
1654,140,56,162,51,162,72,141,77
1670,297,77,323,75,325,99,299,101
1667,280,65,306,64,307,87,281,88
1700,321,176,362,180,361,221,319,219
1704,299,181,345,186,343,232,296,229
1665,267,63,291,62,292,84,268,86
1702,308,173,352,178,350,221,306,218
1689,390,178,422,180,423,211,391,211
1699,327,172,368,176,367,216,326,214
1683,387,174,415,175,415,204,386,203
1682,382,170,410,172,410,200,382,198
1694,362,172,397,173,398,209,362,208
1659,214,60,236,57,237,79,214,82
1668,286,69,312,67,312,90,287,92
1770,269,132,428,161,435,319,265,332
1685,391,169,420,171,421,200,391,199
1681,375,162,404,163,403,191,375,190
1657,184,56,206,53,208,73,185,77
1707,286,195,336,201,333,251,283,248
1652,109,48,131,42,132,62,111,69
1653,125,53,146,47,147,68,126,73
1726,252,213,353,235,348,337,238,325
1736,257,143,413,192,416,353,223,336
1784,343,142,449,148,458,254,349,259
1776,291,145,424,159,433,291,292,299
1785,343,143,448,149,458,253,350,259
1792,358,166,452,168,463,263,367,271
1772,275,140,425,164,432,313,271,323
1713,280,202,337,211,335,269,275,265
1765,271,110,450,153,460,333,266,357
1751,295,73,502,151,530,369,286,412
1718,280,190,349,201,347,269,275,263
1749,299,69,504,151,530,369,282,404
1762,281,108,468,158,480,348,278,381
1763,278,109,462,156,473,343,275,374
1779,309,143,430,152,440,272,314,279
1790,351,160,447,163,458,260,360,267
1771,272,136,426,163,433,317,268,328
1780,318,143,435,152,445,268,322,274
1755,283,82,492,151,515,365,282,414
1728,251,213,361,240,355,352,231,337
1752,292,73,500,149,527,367,285,412
1781,327,142,441,151,449,264,331,269
1743,272,82,470,156,489,362,237,369
1750,298,72,503,152,530,370,284,409
1730,254,207,374,241,367,363,228,344
1745,287,71,489,152,511,364,257,380
1729,253,210,367,241,360,358,229,341
1717,282,190,347,200,345,266,277,261
1731,255,202,379,239,372,367,226,347
1758,282,105,482,165,499,369,280,414
1766,269,113,445,153,455,329,266,350
1791,356,164,451,165,462,261,365,269
1721,272,189,350,201,349,279,266,274
1734,260,173,402,217,400,363,228,343
1764,274,108,455,154,466,338,269,364
1723,262,200,349,214,348,300,255,295
1767,268,116,440,153,449,325,264,344
1744,280,76,480,153,501,363,247,374
1719,277,191,349,202,347,273,273,267
1714,280,199,340,208,337,268,276,263
1760,284,109,476,164,490,361,282,400
1732,256,195,386,234,381,368,226,348
1783,340,141,448,149,458,256,346,261
1761,283,106,473,160,485,354,280,390
1738,252,110,425,164,435,341,219,332
1741,257,91,449,157,464,354,221,354
1708,284,199,335,206,332,258,280,254
1757,281,99,484,161,504,369,280,417
1789,347,158,445,161,455,259,355,266
1715,282,195,343,205,341,267,277,261
1725,255,212,350,231,347,327,243,318
1720,274,190,348,201,348,276,269,270
1735,259,161,407,207,408,360,226,342
1754,285,77,495,149,520,364,282,414
1769,268,127,431,158,440,321,264,336
1740,253,96,440,157,455,348,220,346
1786,343,146,446,151,456,253,350,259
1777,295,146,424,158,434,285,299,294
1716,282,192,346,202,343,266,277,260
1737,256,125,420,176,426,345,223,331
1773,277,142,423,164,430,309,274,317
1747,297,70,500,152,525,368,274,395
1753,289,74,498,148,524,365,284,413
1759,285,109,480,166,495,367,282,408
1709,282,203,334,210,332,263,279,259
1796,371,162,460,165,470,257,379,263
1778,301,144,426,155,436,278,306,286
1710,281,204,334,211,332,265,277,261
1711,281,204,335,212,332,267,276,263
1756,282,92,488,156,510,367,282,416
1712,280,204,336,212,333,269,275,264
1722,267,192,349,205,349,287,261,282
1795,368,165,458,168,468,260,376,267
227,134,211,145,209,146,225,135,227
233,267,214,278,213,279,229,267,230
241,461,227,473,227,472,242,460,242
294,229,179,243,179,242,193,230,193
277,593,186,615,187,616,211,595,209
284,708,191,726,195,727,221,708,217
304,328,135,343,136,342,150,328,150
275,560,187,580,188,582,211,560,210
289,170,191,183,190,183,204,171,206
279,627,182,647,185,648,209,628,207
263,367,182,387,182,388,202,368,202
247,582,227,594,227,594,242,582,242
318,451,2,468,7,464,21,449,17
272,509,180,530,181,532,202,510,202
319,459,0,476,4,473,19,457,15
259,290,183,309,183,309,202,289,202
266,420,173,441,172,442,192,421,193
250,641,234,653,234,652,251,641,249
261,332,182,353,183,352,202,332,201
312,398,94,414,96,412,112,397,110
253,158,206,175,206,175,225,156,225
309,375,115,390,117,388,131,373,130
300,290,148,304,149,303,162,289,163
317,442,14,458,19,455,34,439,30
255,201,197,220,197,219,216,200,216
299,281,149,294,149,294,163,281,163
258,267,186,286,187,285,205,266,205
303,319,139,333,140,332,154,318,154
251,114,216,131,215,131,234,114,234
313,407,84,422,87,421,102,406,100
306,347,130,361,131,360,146,345,145
245,543,224,554,224,554,239,542,239
252,682,240,693,240,692,257,681,256
269,460,188,481,188,481,209,461,209
246,20,223,35,222,35,242,19,243
280,644,179,664,182,665,207,645,204
256,223,193,242,194,241,212,222,212
314,414,72,429,75,428,90,412,88
283,695,184,714,188,715,214,696,210
296,248,167,262,167,261,181,249,181
316,431,35,447,39,445,54,428,51
268,448,183,468,183,470,204,449,204
281,664,176,683,180,684,205,664,202
301,299,147,313,148,312,162,299,162
308,366,122,380,123,379,138,365,137
315,421,55,437,59,435,74,419,71
310,383,108,399,110,397,125,382,123
311,390,102,406,104,404,119,389,117
264,385,178,405,178,407,197,386,198
265,403,174,424,173,425,193,405,193
270,474,187,495,187,496,208,475,208
282,681,179,700,182,701,208,681,205
267,434,177,455,176,456,197,435,197
274,542,185,564,186,565,209,544,208
260,311,181,331,182,330,200,311,200
248,55,221,71,221,71,240,54,241
257,245,190,264,191,263,209,243,209
271,491,183,512,183,514,204,493,204
276,577,187,598,188,599,212,578,210
307,357,127,371,128,370,143,356,142
302,309,144,323,144,322,159,309,158
254,179,201,197,201,196,220,178,220
278,611,184,631,186,633,210,611,208
273,526,182,547,183,549,204,527,204
249,73,220,90,219,90,238,73,239
262,351,183,370,184,370,203,351,203
389,324,211,341,211,342,226,326,228
414,298,201,318,201,319,220,299,221
419,321,187,343,187,343,207,322,208
387,349,194,365,193,366,209,350,211
377,472,154,488,155,488,171,473,170
423,342,201,364,201,365,223,342,224
422,335,196,358,196,359,218,337,218
431,322,221,348,220,350,246,324,247
436,287,213,315,212,316,240,288,241
427,350,207,374,205,376,229,352,231
380,433,165,449,165,451,180,435,181
406,273,204,291,204,291,222,273,223
416,306,194,327,193,328,213,307,215
355,638,102,653,110,649,126,635,119
396,271,222,289,222,289,238,273,239
360,622,127,637,133,635,150,620,144
410,287,207,306,207,307,226,287,227
351,639,69,654,78,649,93,635,85
429,343,217,368,216,369,241,344,242
403,267,212,285,212,285,229,268,230
413,294,204,314,204,314,223,294,224
390,316,215,332,215,332,231,316,232
399,262,219,279,219,280,236,263,237
424,344,204,368,204,369,226,346,227
361,619,129,634,135,632,151,617,147
354,639,94,653,103,649,119,635,111
356,635,110,650,117,647,134,632,126
415,303,197,323,197,324,217,303,218
418,317,187,338,186,339,207,318,208
421,330,192,353,192,354,213,332,213
435,294,214,322,213,324,240,296,242
412,290,207,310,207,310,226,290,227
349,644,48,658,58,653,73,639,63
401,263,217,280,217,280,234,263,235
395,277,222,294,221,294,238,278,238
408,280,195,299,195,300,213,281,213
417,312,189,333,189,333,209,313,210
350,642,59,656,69,652,84,637,75
376,486,151,501,152,502,168,487,167
402,265,215,282,215,283,232,265,233
439,255,206,285,206,286,235,256,236
367,590,147,605,151,604,167,589,165
385,371,184,387,182,388,199,372,200
394,281,222,299,222,299,238,283,239
434,302,214,330,213,331,240,304,241
382,409,173,424,172,426,188,410,188
346,649,11,664,23,658,36,644,25
392,298,222,314,222,315,238,298,239
345,648,3,662,15,656,27,642,16
425,348,203,371,202,373,225,349,227
348,646,35,660,46,655,60,641,50
369,570,155,585,157,584,174,569,172
347,649,23,663,34,658,48,643,37
433,309,215,336,213,337,240,311,241
386,359,188,375,186,377,203,361,204
373,525,150,540,151,540,167,526,166
358,626,124,641,130,638,147,624,141
353,639,86,653,95,649,111,635,103
383,396,176,412,176,413,191,398,193
378,460,158,475,158,476,174,461,174
365,602,142,617,145,616,162,601,159
404,269,209,287,209,287,227,270,227
438,267,209,296,209,297,237,267,238
357,631,118,646,125,642,141,628,135
379,446,162,461,162,463,177,447,177
352,639,78,653,87,649,102,634,94
407,276,197,294,197,294,215,276,216
374,512,147,527,149,528,165,513,164
432,315,218,341,217,343,243,316,244
405,272,207,290,208,290,225,272,226
384,384,180,400,180,401,195,385,196
368,580,151,595,154,594,171,580,168
428,347,212,372,211,374,235,349,237
430,332,221,358,220,359,245,334,246
375,499,148,514,150,514,166,499,164
437,277,211,306,211,306,239,278,240
359,624,126,639,132,637,149,622,143
400,262,218,279,218,280,235,263,235
366,597,145,611,148,610,165,596,162
370,561,156,576,159,575,175,560,173
372,538,153,553,155,553,171,538,169
391,307,219,323,219,323,235,307,236
420,325,189,348,189,348,210,327,210
362,615,133,630,138,628,155,613,150
388,336,203,353,203,354,219,338,220
409,284,200,303,200,304,219,285,219
393,289,223,305,223,305,239,289,240
371,551,155,566,158,565,174,551,172
381,421,169,437,168,438,184,423,184
364,606,139,621,143,619,160,605,156
363,610,137,625,141,624,158,609,154
397,267,223,284,222,285,239,268,240
411,288,209,307,210,307,229,288,229
441,231,203,262,203,262,234,231,235
398,264,222,281,221,282,238,265,239
426,350,203,374,201,375,225,352,226
498,234,192,400,186,420,355,206,354
440,245,206,275,206,276,235,245,237
488,258,168,376,174,382,287,246,284
487,259,163,372,169,377,278,248,275
475,265,157,336,159,337,226,262,227
455,101,184,140,185,138,227,98,227
477,266,150,344,151,345,226,263,226
468,212,177,268,175,269,230,211,234
469,220,177,278,175,279,232,220,234
520,224,203,441,265,445,515,82,407
453,94,190,132,191,129,231,91,232
478,266,152,347,153,350,230,263,231
483,259,163,357,166,361,260,253,260
460,142,175,186,176,184,222,139,224
508,215,239,424,225,449,456,157,432
497,235,185,397,184,416,346,209,345
465,188,184,239,183,238,235,186,237
452,94,194,131,195,128,235,91,236
485,259,161,365,166,369,266,252,265
481,262,162,353,165,357,252,258,253
470,229,176,288,175,289,233,227,236
472,246,169,309,169,310,230,244,232
495,239,175,393,176,409,328,217,327
491,253,178,386,185,394,314,236,310
501,231,210,410,192,434,381,197,378
506,220,232,420,218,445,437,169,419
507,217,235,422,221,447,446,163,425
447,135,210,170,210,169,246,134,247
502,230,211,413,198,438,391,193,386
473,255,164,320,163,321,227,252,228
449,110,207,145,208,144,245,108,246
479,265,156,350,157,354,237,263,239
486,259,161,369,166,373,271,250,269
458,124,179,166,181,164,225,121,225
474,262,160,330,160,332,226,260,227
484,260,162,361,166,366,263,253,263
443,201,196,233,196,233,228,201,229
450,100,205,136,205,135,244,99,245
466,194,183,247,181,247,235,192,237
446,151,208,185,209,184,244,150,245
451,96,200,132,201,130,240,94,241
482,260,163,354,166,358,256,255,257
480,264,160,352,161,356,245,261,247
464,182,184,232,183,231,233,180,235
494,241,172,391,174,405,321,221,320
492,249,174,388,180,398,315,231,311
471,237,174,298,173,299,233,235,235
499,232,198,402,190,424,364,201,363
489,258,174,380,181,387,298,245,295
457,116,180,157,181,154,224,112,225
459,133,178,176,179,174,224,129,225
462,162,178,209,177,209,225,160,227
504,225,225,418,206,443,414,182,403
461,151,175,197,175,196,222,149,224
515,224,228,442,260,461,504,121,442
519,224,210,442,264,451,513,92,418
463,173,181,221,180,221,229,171,232
448,121,209,156,210,155,246,120,248
493,245,171,390,175,401,316,226,314
476,266,153,340,155,341,225,262,225
445,168,207,202,207,201,241,168,242
505,223,228,419,213,444,426,176,411
500,231,203,405,192,428,373,198,370
467,202,180,257,178,258,232,201,235
456,108,181,148,182,145,225,105,225
444,185,201,217,201,217,234,184,235
503,227,221,415,200,441,402,188,395
496,237,180,395,180,412,337,213,336
454,96,187,134,188,131,229,93,230
632,480,214,537,217,547,283,489,287
442,216,196,248,197,247,229,216,229
628,486,215,548,218,557,288,494,291
490,256,179,383,185,391,308,241,304
629,489,212,549,215,559,284,497,287
612,331,236,422,242,427,332,329,331
619,402,249,481,251,488,332,406,335
615,356,239,442,243,448,329,357,330
601,257,275,393,315,382,454,215,422
599,255,263,402,313,390,466,202,426
586,373,133,500,285,450,487,186,265
611,322,241,415,249,418,341,317,338
597,257,244,414,305,402,472,191,424
627,481,221,544,223,554,294,488,297
602,260,278,390,314,381,447,224,418
2266,319,183,458,170,478,309,328,323
2257,277,209,464,190,488,380,290,397
2269,325,196,452,185,470,312,333,324
2315,25,201,69,198,68,252,24,256
2286,366,211,440,209,447,282,370,287
2293,342,211,406,210,411,273,345,277
2313,58,207,104,204,104,257,57,261
2278,352,221,450,218,459,315,356,321
2310,103,214,152,212,153,266,103,269
2285,366,215,442,213,450,288,370,293
2267,321,188,455,176,475,310,329,323
2272,337,211,453,203,468,319,344,330
2292,349,213,414,212,420,276,353,279
2288,364,209,434,207,442,276,370,281
2262,303,190,462,173,487,335,314,352
2274,342,219,453,213,465,322,348,331
2290,361,213,428,211,435,277,366,281
2258,282,207,464,189,487,374,294,391
600,255,270,397,315,385,461,208,425
587,355,133,493,287,447,489,174,285
604,265,281,385,308,378,429,238,408
598,255,254,407,309,395,469,196,425
610,314,249,410,259,411,354,306,349
633,472,218,529,221,539,286,481,289
606,277,275,387,297,383,406,257,391
590,311,166,468,292,433,494,159,355
613,339,234,429,239,434,328,338,329
593,282,199,447,295,424,486,171,398
621,427,245,502,246,511,324,433,328
603,262,280,387,312,379,438,230,414
592,289,190,453,296,426,492,164,388
623,447,240,518,242,527,317,453,322
607,286,271,391,290,389,395,269,382
614,346,236,434,241,440,328,346,329
631,485,212,544,216,554,282,494,285
589,324,155,476,291,437,494,160,335
594,274,208,440,294,420,481,177,406
608,295,265,396,281,395,382,281,372
625,466,233,533,234,542,307,473,312
595,266,220,431,296,414,477,181,414
591,299,178,460,295,429,494,161,373
605,271,279,385,303,380,418,247,400
622,438,242,511,244,519,321,444,325
630,489,212,548,215,558,283,498,286
609,304,257,403,270,403,368,294,360
617,380,245,463,248,469,331,382,333
596,261,233,423,301,408,475,186,420
618,393,247,473,250,480,332,395,334
634,463,224,519,227,529,291,472,295
635,454,231,509,233,519,297,463,301
624,457,237,526,239,535,313,464,317
626,473,227,539,229,548,301,481,305
588,340,144,485,289,442,492,167,311
616,368,242,451,246,458,330,369,332
620,414,248,491,249,499,329,419,332
676,503,205,538,205,543,244,508,246
666,317,229,362,230,366,277,321,278
664,288,236,335,238,339,286,291,288
659,251,251,303,253,308,307,255,310
672,428,200,466,200,471,241,433,243
691,696,224,720,226,723,264,698,263
692,707,222,730,224,734,262,710,262
688,665,226,691,228,693,267,667,265
657,253,251,307,253,313,309,257,312
661,260,247,310,249,314,301,263,303
684,619,221,647,223,651,261,622,261
656,257,251,312,253,317,310,261,314
644,349,247,407,250,414,313,356,317
643,360,247,417,250,425,313,367,317
678,533,211,566,212,571,250,539,252
642,372,247,428,250,437,312,379,317
673,448,198,485,200,490,240,453,242
647,317,249,375,253,382,315,322,318
675,485,201,521,202,526,242,491,243
639,412,244,467,247,477,309,421,314
679,548,213,580,213,585,252,553,253
689,675,225,700,228,703,266,678,265
663,276,240,324,242,328,291,279,294
654,268,252,324,254,330,312,272,316
650,297,244,355,246,362,307,303,311
674,467,200,503,200,508,240,472,242
652,283,245,340,247,347,307,288,311
651,290,244,347,246,354,306,295,311
653,274,249,331,251,337,310,279,314
681,575,219,606,220,611,258,580,259
660,255,250,306,252,310,305,258,308
671,408,203,447,203,452,245,413,247
638,423,245,478,247,488,310,432,314
637,434,242,489,244,499,307,443,312
670,386,209,427,210,432,252,391,255
680,562,215,594,216,599,254,567,256
686,643,226,670,228,672,267,645,266
685,632,224,660,226,663,264,635,264
687,654,227,680,229,683,267,656,266
645,337,249,395,252,402,315,343,318
649,304,245,362,248,369,309,310,313
683,604,220,634,221,637,259,608,260
669,368,217,409,217,414,260,373,263
658,251,251,305,253,310,308,255,311
646,326,250,384,253,391,316,332,319
655,262,252,317,254,323,312,266,316
667,333,226,376,228,381,273,337,275
665,302,232,348,233,352,281,306,282
641,385,245,441,248,450,311,393,315
682,590,220,620,221,623,259,594,261
668,350,222,392,223,397,267,354,269
648,311,246,369,250,375,312,316,315
677,519,208,553,208,558,248,524,250
690,685,225,710,227,713,265,688,265
636,445,237,500,239,510,302,454,307
662,267,243,316,246,320,296,270,298
640,399,244,455,247,463,309,407,314
2589,257,135,539,149,520,415,253,411
2610,323,172,503,177,499,354,320,352
2586,283,134,545,145,533,397,280,395
2569,429,105,590,113,598,280,431,274
2626,442,207,540,213,534,313,436,305
2602,271,122,530,133,522,383,267,382
2568,433,103,591,111,600,275,436,269
2612,344,187,505,194,500,353,339,349
2590,250,136,537,150,517,421,246,416
2614,364,192,509,201,501,346,356,337
2560,465,99,604,110,610,256,467,247
2640,490,178,570,187,563,271,483,260
2551,466,98,592,115,595,246,466,235
2581,336,113,565,125,562,351,334,350
2624,430,205,532,211,526,315,424,308
2556,471,99,603,114,608,252,472,241
2549,453,102,577,117,583,244,456,237
2555,471,100,602,114,607,251,473,241
2592,241,139,536,152,516,428,240,424
2635,483,193,568,202,561,291,475,281
2557,470,98,604,112,610,252,472,242
2577,377,111,578,122,579,324,376,322
2587,274,135,542,147,528,404,270,402
2611,334,181,504,186,500,354,330,351
2620,407,200,521,210,511,325,398,314
2562,460,102,602,112,609,261,463,253
2621,413,202,524,210,516,322,406,313
2548,446,108,568,120,576,246,450,242
2574,402,110,586,120,590,308,402,303
2550,460,99,585,115,590,244,461,235
2627,449,208,545,214,539,313,443,305
2591,244,138,536,152,516,425,242,420
2639,490,181,571,190,564,275,483,264
2619,400,197,518,208,508,326,390,315
2625,436,206,536,212,530,314,430,307
2595,239,138,535,150,517,427,239,426
2573,409,108,588,119,592,302,409,297
2608,305,151,507,158,502,355,301,352
2631,468,202,558,209,551,303,461,294
2563,457,102,601,112,608,263,459,255
2588,264,134,540,148,523,410,261,406
2572,416,107,589,118,594,296,415,290
2596,243,139,536,149,521,425,244,425
2584,302,126,551,137,544,379,300,379
2637,488,188,571,197,564,284,481,273
2559,467,98,604,110,610,254,469,244
2613,355,191,508,198,502,350,349,344
2594,238,138,536,151,516,429,238,426
2615,372,190,511,201,501,340,362,330
2616,379,190,512,201,502,334,368,323
2597,247,137,536,147,524,420,248,422
2547,436,114,557,125,565,249,441,247
2552,468,97,596,115,599,247,468,235
2600,261,128,534,137,525,400,260,400
2561,462,101,603,111,610,258,465,250
2636,485,190,570,199,562,287,478,277
2578,369,112,575,124,575,331,367,329
2638,489,184,571,193,564,280,482,269
2554,471,99,600,114,605,250,472,239
2585,292,131,548,142,538,388,289,388
2618,393,194,516,205,505,328,383,317
2606,292,132,514,141,508,358,286,355
2604,280,123,522,133,516,369,276,366
2628,455,209,549,215,543,313,449,305
2622,419,204,527,210,520,319,413,311
2629,460,208,553,215,546,311,454,303
2641,486,177,566,186,559,268,480,258
2632,473,200,562,208,555,301,466,291
2623,425,205,530,210,523,317,419,309
2634,480,195,566,204,559,295,472,284
2553,470,98,598,115,602,248,470,237
2605,286,127,518,137,512,363,281,359
2546,427,120,547,130,555,252,432,251
2593,238,139,535,152,515,429,238,426
2565,447,100,597,110,604,266,449,257
2558,469,98,604,111,610,253,470,243
2583,313,121,556,132,550,369,311,369
2688,290,169,385,168,382,264,287,261
2575,395,111,584,121,588,313,395,309
2735,356,180,492,185,486,318,353,313
2699,316,171,439,167,442,290,318,291
2713,278,200,454,196,455,364,286,370
2648,451,187,525,195,518,270,445,261
2704,320,177,458,175,459,312,322,313
2657,415,179,486,186,479,257,408,249
2708,306,189,458,185,461,333,312,338
2674,358,175,434,177,432,254,355,250
2685,294,171,384,170,381,261,292,258
2721,207,196,416,189,420,386,223,397
2680,316,167,399,167,397,250,314,247
2726,225,176,420,171,422,358,235,366
2695,303,167,415,160,420,272,307,276
2675,350,174,428,175,425,253,347,249
2653,426,185,498,193,491,265,419,256
2714,271,202,451,197,453,370,280,376
2645,467,182,543,190,537,268,461,259
2709,301,192,457,187,460,339,307,344
2707,312,187,459,184,461,328,315,332
2724,208,179,413,174,416,369,221,378
2711,290,196,456,191,458,351,297,356
2723,205,185,413,178,416,375,219,386
2700,318,172,444,169,447,294,320,295
2705,317,181,459,179,460,318,320,319
2716,251,206,443,199,445,381,264,390
2668,394,178,466,182,463,254,390,249
2720,212,201,419,193,424,389,229,400
2672,370,175,445,178,442,253,367,248
2652,430,186,502,195,495,267,422,257
2701,319,172,448,170,451,298,321,299
2696,306,167,421,160,426,275,310,278
2718,229,207,430,199,434,388,245,399
2661,407,177,477,183,472,253,402,246
2682,305,165,390,167,387,252,301,248
2646,462,185,537,192,531,270,456,260
2678,329,170,409,170,407,251,326,248
2662,407,177,477,182,472,253,402,246
2722,204,191,413,183,418,381,220,392
2715,261,203,447,198,449,375,271,382
2728,250,174,433,171,434,346,258,352
2710,296,194,457,189,459,345,303,350
2729,265,173,440,170,441,340,271,345
2642,481,178,560,187,554,268,475,258
2676,343,172,421,173,419,252,340,248
2692,295,167,399,163,401,267,296,268
2733,328,178,475,180,471,325,326,322
2669,389,177,462,180,459,253,386,248
2659,410,179,481,185,475,256,405,248
2679,322,169,404,169,402,251,320,248
2644,472,181,549,189,543,268,466,259
2684,298,169,385,169,383,257,295,254
2717,239,208,436,200,440,385,254,396
2664,405,180,475,184,471,255,401,249
2677,335,171,415,171,413,251,333,248
2658,412,179,483,185,477,256,406,248
2667,397,179,469,183,465,255,393,249
2651,435,187,508,196,500,269,428,259
2730,279,173,448,172,448,335,284,338
2719,219,205,424,196,429,389,236,401
2681,310,165,394,166,391,250,307,247
2727,237,176,426,171,428,353,246,360
2650,441,188,513,196,506,270,433,261
2687,291,171,383,171,381,264,288,261
2663,406,178,476,183,472,254,402,247
2654,423,184,494,193,487,264,415,255
2737,378,183,502,190,494,313,372,305
2689,290,167,387,166,385,263,288,261
2732,311,176,466,177,463,328,313,327
2706,316,184,460,182,461,323,318,326
2683,301,166,387,167,384,254,298,251
2656,417,181,489,189,482,260,410,251
2731,295,174,457,174,456,331,298,332
2691,293,166,394,163,395,265,292,264
2670,384,175,458,178,455,252,381,247
2649,446,188,519,196,512,270,439,261
2693,297,167,404,162,407,269,300,271
2660,408,178,479,184,474,255,403,248
2655,420,184,492,191,485,263,413,254
2694,301,168,410,161,414,271,304,273
2725,215,176,415,171,418,363,226,372
2703,321,175,456,173,458,307,322,307
2671,377,175,452,178,448,252,374,247
2686,292,172,383,171,380,263,290,260
2736,367,181,497,187,490,315,363,308
2673,364,176,440,178,437,254,361,250
2702,321,174,454,172,455,303,323,303
2666,400,180,471,184,467,255,396,250
2712,284,198,454,194,456,358,291,363
2697,309,168,427,162,432,280,313,282
2698,312,169,433,164,437,285,316,287
2665,403,181,473,185,470,256,399,250
2734,343,179,484,183,479,322,340,318
2690,291,166,391,164,389,263,290,262
2647,457,186,531,194,525,270,450,261
2764,628,187,681,202,673,266,619,251
2770,693,170,734,184,733,247,689,232
2755,486,199,555,209,547,282,477,271
2761,578,200,637,213,628,279,569,266
2741,406,189,511,196,503,302,399,293
2748,430,185,514,195,505,280,421,268
2769,688,172,733,186,729,249,683,234
2752,449,193,524,202,516,279,440,268
2743,418,187,516,195,508,294,411,284
2763,612,194,667,208,659,273,603,259
2744,423,185,518,193,510,289,416,279
1018,113,191,128,195,127,223,112,221
1029,4,166,23,171,20,207,1,206
1021,92,174,108,179,106,209,90,207
1024,63,156,80,161,78,193,60,191
1026,40,159,58,164,56,197,37,196
1019,107,186,122,190,120,219,105,217
1025,52,157,70,161,67,193,49,192
1017,120,195,135,198,134,225,119,224
1027,28,161,47,166,44,200,25,198
1028,16,163,35,168,32,203,12,202
1014,149,196,163,198,163,224,149,224
1010,190,193,202,196,201,220,189,219
1005,212,194,223,197,222,219,213,218
1016,130,196,144,200,143,226,129,225
1020,98,181,114,185,112,214,96,212
1012,170,198,183,201,182,225,170,225
1013,160,197,173,200,173,225,160,224
1011,181,195,193,198,192,223,180,222
1015,139,196,152,199,152,225,139,225
1023,74,161,90,165,87,197,70,194
1022,85,167,101,172,98,202,81,200
1112,222,204,239,208,238,238,220,236
1132,224,180,246,191,244,234,221,230
1118,232,200,251,205,250,238,230,236
1122,222,191,242,198,240,234,220,230
1100,177,197,191,201,189,226,174,224
1106,197,198,213,202,212,229,195,227
1088,216,205,227,207,226,228,215,227
1121,226,196,246,203,244,238,224,235
1096,185,189,198,192,196,216,183,214
1119,231,197,251,203,249,236,229,234
1129,224,187,245,196,243,237,221,233
1097,182,193,195,196,193,220,179,218
1128,223,187,244,195,242,236,220,232
1089,213,203,225,205,224,226,212,225
1108,205,197,222,201,221,229,203,228
1124,220,183,240,191,238,228,217,225
1116,230,206,249,210,248,242,228,240
1127,222,187,242,195,240,234,219,231
1085,234,206,244,208,244,227,233,227
1087,221,207,232,210,231,230,220,229
1125,221,183,242,190,240,228,219,225
1093,202,185,214,188,212,210,199,208
1098,180,195,193,199,192,223,178,221
1117,231,204,251,209,249,241,230,239
1126,221,185,242,193,240,232,219,228
1090,211,202,223,204,222,226,210,224
1091,206,197,218,199,217,221,204,219
1103,183,198,197,202,195,227,180,226
1104,189,198,204,202,202,229,186,227
1111,218,206,236,210,234,239,216,237
1102,179,197,193,201,191,227,176,225
1130,225,186,246,195,244,237,222,233
1123,221,185,241,192,239,229,218,226
1109,211,199,228,203,227,232,209,230
1115,229,205,248,209,247,241,228,239
1105,194,201,210,205,208,232,192,229
1099,178,197,192,200,190,225,176,223
1131,225,183,247,193,244,236,221,232
1094,195,186,208,189,206,212,193,210
1114,227,203,245,208,244,238,225,237
1092,205,188,218,191,216,213,203,211
1107,201,196,218,200,216,227,199,226
1101,178,197,192,200,190,226,175,224
1120,230,196,250,203,248,237,228,234
1095,191,187,203,190,202,213,188,212
1113,224,203,242,207,241,237,222,235
1110,216,203,233,207,232,236,214,234
1135,225,179,249,191,246,238,221,233
1156,253,106,306,151,301,242,238,222
1141,242,161,273,178,272,234,240,227
1164,271,56,342,138,335,265,239,229
1144,243,161,277,182,275,245,238,235
1161,261,69,326,135,320,247,238,218
1139,240,170,268,187,266,239,237,232
1149,240,143,282,172,277,245,231,232
1147,239,150,278,176,275,244,232,233
1165,273,47,346,135,339,267,238,228
1154,247,118,297,157,292,242,234,224
1160,260,76,321,138,315,245,238,217
1163,269,59,338,136,332,257,241,225
1145,243,158,278,181,275,245,237,235
1136,227,179,252,192,249,241,223,234
1134,223,178,247,190,244,236,220,231
1158,259,95,316,147,311,246,242,222
1142,243,162,275,180,274,238,240,230
1157,256,101,312,149,307,243,241,222
1137,231,181,256,195,254,245,227,238
1143,242,163,275,182,274,243,238,235
1150,243,140,286,171,281,246,233,232
1162,264,64,332,134,327,251,240,221
1155,250,112,301,155,296,242,236,223
1138,236,179,263,194,261,245,233,238
1152,244,132,289,167,284,246,232,230
1159,259,86,318,143,313,246,239,220
1374,237,157,463,163,482,383,238,404
1404,58,101,138,99,133,184,48,192
1359,263,129,460,127,488,320,268,340
1346,317,141,427,144,436,250,319,253
1355,300,116,460,117,479,272,302,280
1403,66,113,149,109,146,196,58,206
1365,223,151,473,153,504,398,227,429
1399,93,131,185,123,188,217,91,231
1357,282,120,460,121,482,294,284,306
1382,205,159,367,154,380,316,206,328
1345,320,141,426,143,436,245,324,249
1393,142,131,248,121,253,227,142,240
1340,335,148,422,148,434,232,343,238
1353,311,122,456,125,469,266,310,270
1358,273,124,460,123,484,306,275,321
1356,293,118,461,118,481,282,295,292
1352,313,125,452,130,464,264,312,267
1395,128,129,229,119,234,221,128,235
1349,318,126,442,130,452,249,318,251
1483,321,45,335,44,336,57,321,58
1485,301,41,316,40,316,53,302,54
1489,257,23,272,21,272,34,258,36
1492,218,5,233,2,234,15,218,18
1484,311,43,326,43,326,56,311,56
1488,270,27,284,26,285,39,270,41
1458,222,136,234,134,235,147,222,148
1604,144,38,162,35,160,51,143,54
1599,180,37,197,37,194,52,178,53
1609,72,44,88,37,90,53,73,60
1613,6,70,22,61,23,78,7,87
1593,239,30,256,32,252,47,236,45
1601,167,38,184,36,182,52,165,54
1597,197,37,214,37,211,52,194,52
1610,56,48,73,41,74,57,57,65
1598,188,37,205,36,202,51,185,52
3743,75,169,122,172,121,226,72,228
3744,90,168,138,171,136,224,87,226
3740,32,169,78,172,76,228,29,231
3746,119,166,168,169,166,222,116,223
3739,18,169,63,173,61,230,14,232
3747,134,165,183,168,182,220,132,221
3748,151,165,200,169,199,220,148,221
3749,167,167,217,170,215,221,165,222
3742,61,169,108,172,107,227,58,229
3745,104,167,153,170,151,223,102,225
3741,47,168,93,171,92,227,44,229
3738,3,166,47,171,44,228,0,230
3751,200,170,248,174,248,224,198,224
3773,149,198,185,195,187,232,152,236
3750,184,168,233,172,232,222,182,222
3763,296,167,337,169,340,209,298,211
3759,293,178,337,181,339,224,294,225
3767,268,164,307,165,309,203,270,205
3776,76,209,109,206,111,242,79,247
3775,99,205,132,202,135,238,101,243
3771,197,187,234,185,237,222,200,226
3760,297,174,340,176,342,218,298,220
3774,124,201,159,198,162,235,127,239
3762,298,170,339,171,341,213,299,214
3761,298,171,340,173,342,215,299,216
3756,269,181,315,183,317,229,270,230
3757,281,184,326,186,328,231,282,232
3779,5,218,33,215,35,251,6,256
3772,174,194,210,191,213,229,176,232
3769,236,173,274,172,276,210,238,212
3758,288,184,333,186,335,230,290,231
3777,54,214,85,210,88,247,56,252
3766,282,161,321,162,323,201,283,202
3752,215,172,263,176,263,224,214,225
3764,294,164,334,165,337,205,296,206
3778,30,218,60,214,62,251,32,255
3753,229,175,277,178,278,226,228,226
3768,253,168,292,167,294,206,255,208
3754,243,177,291,180,292,227,244,228
3755,256,179,303,181,305,228,258,229
3765,290,161,330,162,332,201,291,203
3770,217,179,255,177,257,215,220,219
2753,459,195,533,204,524,280,451,269
2749,432,187,513,197,504,280,423,268
2754,472,198,544,207,536,281,464,270
2747,430,185,516,194,507,282,421,270
2760,561,203,622,215,613,282,552,269
2767,668,173,716,187,712,250,663,236
2751,442,193,520,202,511,281,434,270
2746,429,185,518,194,510,284,421,273
2766,657,175,707,189,701,252,651,238
2768,678,173,725,187,721,250,674,236
2759,544,204,607,216,598,284,535,272
2740,399,189,508,197,501,306,393,297
2765,643,180,695,195,688,259,636,244
2762,595,197,652,211,644,277,587,263
2757,514,203,581,213,572,284,506,272
2738,386,185,505,193,497,311,380,302
1768,268,122,436,156,445,323,264,340
1748,298,69,503,151,529,368,280,400
1782,335,141,446,150,455,260,340,264
1788,345,153,444,157,455,257,353,264
1775,285,144,423,161,431,297,286,305
1787,344,149,445,154,455,255,351,261
1746,293,71,495,153,519,367,266,388
1742,264,87,459,157,476,359,228,362
1794,364,167,456,170,466,262,373,270
1727,251,213,356,238,352,344,234,331
1724,258,207,349,224,347,315,249,308
1733,259,184,394,226,391,366,228,345
1739,251,102,432,158,445,343,219,338
1774,279,144,421,163,429,303,278,312
1816,479,123,537,134,543,204,487,201
1793,361,168,454,170,464,264,370,271
1882,363,207,403,208,405,250,365,251
1802,406,151,485,159,494,244,414,247
1858,418,195,471,195,477,250,424,253
1807,449,133,517,143,526,221,458,222
1819,483,130,538,140,545,209,490,206
1798,380,156,466,161,476,251,388,256
1822,486,142,541,151,547,219,493,217
1840,441,165,499,169,503,231,445,231
1854,426,187,480,188,485,245,430,247
1852,422,180,477,181,483,239,427,240
1879,357,204,398,205,400,248,359,249
1857,421,192,474,193,480,248,427,251
1834,468,146,525,153,532,218,475,217
1872,367,217,411,219,415,265,370,267
1828,488,144,543,151,551,217,497,217
1823,486,144,541,153,547,221,493,220
1803,416,149,493,157,502,241,424,244
1860,411,200,463,200,469,254,417,258
1813,471,124,531,135,539,207,480,205
1810,462,131,525,141,534,215,472,215
1853,423,184,478,185,483,242,428,244
1827,489,143,544,150,551,217,497,216
1844,425,167,482,170,487,230,429,231
1863,401,207,452,207,457,259,407,262
1867,386,218,434,219,438,269,390,272
1812,468,127,529,138,537,211,477,209
1841,436,166,494,171,499,232,441,232
1855,425,189,479,190,484,246,430,249
1861,408,202,460,202,465,255,414,259
1832,479,144,535,151,542,217,486,216
1824,487,145,542,154,548,222,494,220
1820,483,133,539,144,545,212,491,210
1818,482,127,539,138,545,207,490,204
1876,360,209,402,211,405,255,362,256
1881,359,206,398,207,401,249,360,250
1835,464,148,521,155,527,219,470,218
1856,423,190,476,192,482,247,428,250
1859,414,198,467,198,473,252,420,256
1875,362,214,405,216,408,260,365,262
1866,391,217,440,217,445,268,396,270
1839,445,162,502,168,507,230,449,229
1846,422,167,479,170,484,229,427,230
1804,426,147,501,156,510,238,435,240
1836,458,152,516,158,521,222,464,221
1849,420,169,477,171,482,230,425,231
1847,422,168,478,170,484,229,426,230
1815,477,122,535,133,542,203,485,201
1848,421,168,478,170,483,229,426,230
1843,428,168,486,171,491,232,433,233
1821,485,138,540,148,546,216,492,214
1862,404,204,455,203,461,257,410,260
1811,465,130,527,140,535,214,474,213
1868,382,220,429,221,433,270,385,273
1806,442,139,512,148,521,228,451,229
1837,454,156,511,162,516,226,458,225
1850,419,171,475,173,480,231,424,232
1817,481,125,538,136,545,205,489,202
1805,434,144,507,153,516,234,443,235
1845,423,167,480,170,485,229,428,230
1825,488,145,542,153,549,221,495,219
1884,377,207,415,209,418,249,379,251
1873,365,216,409,218,412,264,368,265
1809,459,130,524,140,533,216,469,216
1877,361,205,403,206,405,250,363,251
1833,474,145,531,152,537,217,481,216
1869,377,220,424,222,428,270,381,272
1870,374,219,420,221,423,269,377,271
1880,357,205,397,207,399,249,359,250
1864,399,211,449,210,454,262,404,266
1838,449,160,507,166,511,229,454,228
1830,485,144,540,151,547,217,493,216
1808,455,130,521,140,531,217,464,217
1829,487,144,542,151,549,217,495,217
1851,421,175,476,176,482,234,425,236
1865,396,214,445,214,450,265,400,268
1874,365,216,408,218,411,263,367,264
1871,371,218,416,220,419,267,374,269
1878,360,203,401,205,403,248,362,249
1814,474,122,533,133,541,204,483,202
1831,483,144,539,151,545,216,490,215
1800,391,153,474,160,483,248,398,252
1799,385,154,470,161,479,249,393,253
1842,432,168,490,171,495,232,437,233
1797,375,158,463,163,473,254,383,259
1826,488,144,543,151,550,219,496,217
1883,370,207,409,209,411,250,372,251
1801,398,153,480,160,489,247,406,250
1923,30,271,41,269,42,293,31,294
1899,663,174,691,173,697,209,669,211
1896,590,181,620,180,626,216,595,218
1898,641,177,669,176,675,212,646,214
1889,429,201,465,201,469,240,432,242
1927,99,260,112,257,113,281,100,282
1932,169,239,182,237,183,260,170,262
1930,144,247,156,245,157,268,144,270
1948,217,239,230,235,233,262,220,265
1958,107,246,119,240,122,274,109,278
1952,188,238,201,234,205,263,191,266
1941,233,232,246,227,250,253,236,256
1943,231,237,245,233,248,259,234,262
1900,687,171,713,169,719,206,693,207
1935,200,230,213,227,215,251,201,253
1890,446,199,482,198,485,237,450,238
1933,181,235,194,232,195,256,182,258
1891,465,197,500,196,504,234,469,236
1953,178,238,191,233,194,263,181,266
1897,615,179,645,178,650,215,621,216
1960,74,249,86,243,89,278,77,282
1922,14,269,25,267,26,291,15,292
1895,564,183,595,182,601,219,569,221
1929,130,252,142,249,143,273,131,274
1957,123,247,135,241,138,275,126,278
1950,204,243,217,238,221,266,207,269
1886,393,206,431,208,434,247,396,249
1962,40,251,50,245,54,283,43,286
1944,227,237,240,233,243,260,229,262
1887,404,206,441,206,445,246,407,247
1937,215,230,229,226,230,251,217,253
1947,221,236,234,232,238,259,224,262
1949,210,242,223,238,227,266,213,269
1888,415,204,452,204,455,243,418,245
1892,486,195,520,194,525,232,490,234
1945,222,237,235,233,238,260,225,262
1955,155,243,168,238,171,269,158,272
1894,537,188,569,186,574,223,542,226
1885,385,207,423,208,426,249,387,250
1931,156,243,170,241,170,264,157,266
1893,510,192,543,191,548,228,515,231
1936,208,231,221,227,223,251,209,254
1925,65,268,76,266,78,289,66,290
1938,220,228,233,224,235,249,222,252
1954,166,239,179,234,182,264,169,268
1951,197,240,210,236,213,264,200,268
1924,47,270,58,268,59,292,48,293
2071,261,195,277,194,278,211,261,212
2058,180,185,194,183,196,198,181,200
2064,208,185,224,184,225,200,209,201
2067,231,191,247,189,249,206,232,207
2068,237,195,253,193,255,210,238,211
2057,176,186,190,185,191,199,177,202
2053,172,188,186,186,187,200,173,203
2054,173,187,187,184,188,199,174,201
2069,244,196,260,194,262,211,245,212
2062,198,179,213,177,215,192,199,194
2066,224,188,240,187,241,203,226,204
2070,253,195,270,194,270,211,254,212
2060,185,176,200,174,201,189,186,191
2063,204,182,219,181,220,196,205,198
2056,174,187,188,185,189,200,175,202
2059,180,180,194,178,196,193,181,195
2055,174,187,188,185,190,200,175,202
2065,215,188,231,186,232,202,216,204
2061,192,176,207,174,208,189,193,192
2080,280,226,298,225,299,243,281,245
2154,20,190,83,193,70,280,6,274
2138,114,207,163,211,158,265,107,262
2077,283,201,300,200,302,218,283,219
2142,100,203,153,205,147,266,92,263
2103,256,266,280,268,279,292,255,291
2150,52,204,114,207,104,285,40,280
2104,257,261,281,263,280,287,255,286
2137,117,210,165,213,160,266,110,263
2125,199,211,235,212,234,249,197,248
2143,97,204,152,207,146,269,89,267
2130,159,204,200,205,198,249,156,248
2090,269,268,290,269,289,288,269,288
2113,256,220,285,219,285,248,256,249
2092,268,270,288,271,288,291,267,291
2136,121,210,168,213,163,265,115,262
2149,60,207,122,209,114,285,51,281
2105,256,257,282,258,280,283,255,281
2083,273,246,292,244,292,263,273,264
2119,231,223,263,222,263,254,230,256
2111,255,226,283,226,282,254,255,253
2131,151,206,193,208,190,252,147,251
2144,94,208,150,210,144,274,86,272
2109,255,237,281,238,281,265,254,264
2134,130,208,175,211,170,259,124,257
2140,106,204,157,207,152,265,99,262
2086,269,261,288,261,289,280,269,280
2106,255,252,281,253,280,278,254,277
2084,272,249,291,249,292,267,273,268
2122,217,218,251,219,249,253,215,252
2118,236,227,267,227,267,259,235,259
2072,267,195,284,194,286,211,269,212
2095,263,263,285,263,284,285,263,284
2147,78,208,138,209,131,280,70,278
2155,13,187,76,190,61,279,-2,272
2121,222,219,255,219,254,252,221,252
2124,205,213,240,214,238,250,203,249
2097,259,270,281,270,281,292,259,292
2073,274,196,291,194,291,212,275,213
2116,251,228,282,228,281,258,251,258
2133,136,207,180,209,176,257,131,255
2081,278,234,297,234,297,252,279,252
2148,68,210,129,211,122,284,60,282
2099,255,270,278,272,277,295,255,293
2085,270,255,289,254,290,273,271,274
2096,261,267,283,267,283,289,260,289
2120,227,219,259,218,259,251,226,252
2082,275,241,294,241,294,259,276,260
2108,254,242,280,243,279,269,253,268
2127,185,210,223,212,221,251,182,250
2075,283,204,301,203,302,220,284,221
2139,109,206,160,209,154,265,103,262
2152,35,196,98,200,86,282,22,276
2101,255,272,279,273,278,297,254,295
2098,256,269,279,270,278,292,256,291
2135,125,209,171,212,167,262,120,260
2126,193,211,230,212,229,250,191,249
2079,281,217,299,215,300,234,282,235
2091,269,269,289,269,289,290,268,289
2076,283,202,301,201,301,219,284,220
2145,89,206,146,208,141,274,81,273
2110,256,233,283,234,282,260,255,260
2129,166,202,207,203,204,245,163,244
2094,263,263,285,264,284,286,263,284
2146,84,204,142,205,136,274,76,272
2114,257,225,286,223,287,253,257,254
2088,269,267,289,267,289,287,269,286
2141,103,203,156,206,150,265,96,262
2153,27,194,90,197,78,281,13,275
2074,280,200,297,198,298,216,281,217
2123,211,216,246,217,244,252,209,251
2151,43,200,105,203,94,283,30,278
2112,256,220,284,220,284,248,255,248
2132,143,207,186,209,183,255,139,253
2128,174,206,213,207,210,248,171,246
2093,264,267,285,268,284,289,263,288
2078,282,207,300,205,302,223,283,225
2089,270,268,290,268,290,288,270,287
2100,255,272,278,274,277,297,253,296
2102,255,270,279,271,278,295,254,294
2115,255,227,285,226,285,256,255,257
2215,313,167,447,157,469,289,317,301
2087,269,265,289,265,289,285,269,284
2117,244,228,274,229,274,259,242,259
2107,255,246,281,248,280,273,254,272
2193,37,117,127,103,100,227,9,230
2250,242,209,459,185,488,404,261,426
2252,254,207,462,184,489,394,271,415
2217,311,173,455,164,479,305,316,319
2235,230,181,471,173,497,413,234,434
2216,312,169,451,160,474,296,317,309
2228,274,157,474,161,504,360,268,375
2232,255,162,479,161,506,385,253,403
2211,304,179,420,168,435,284,305,293
2243,210,214,457,184,492,429,237,460
2253,258,207,462,186,487,392,273,412
2248,231,217,457,193,486,419,251,443
2197,115,129,209,116,196,227,97,232
2242,207,209,457,181,492,429,234,460
2233,249,169,478,166,504,395,249,413
2240,204,201,458,177,490,429,226,458
2221,293,171,457,170,483,333,292,345
2205,260,167,361,154,368,258,259,266
2231,261,157,480,159,506,377,257,393
2219,303,178,456,172,483,324,306,338
2209,290,173,400,161,412,272,291,281
2236,222,186,468,175,495,419,230,442
2226,281,160,470,164,499,352,274,365
2207,279,169,384,157,394,263,279,272
2208,284,171,392,159,402,267,285,276
2204,247,163,347,150,352,253,245,261
2202,214,152,312,138,314,241,209,249
2220,296,176,456,173,482,330,298,343
2200,174,140,270,126,268,231,165,239
2245,218,221,456,193,489,431,242,459
2244,214,217,456,189,491,430,240,459
2199,154,136,250,122,244,228,143,236
2249,238,213,459,189,488,411,257,434
2198,135,131,230,118,221,226,120,233
2229,270,156,476,160,505,365,263,381
2237,214,190,464,174,493,422,227,447
2238,210,193,462,175,492,425,226,451
2254,262,208,462,188,486,390,276,409
2203,231,158,330,145,334,248,228,256
2223,287,164,461,166,488,338,284,351
2247,227,219,457,194,487,424,247,449
2210,297,176,411,164,424,278,298,287
2225,284,160,468,165,496,347,278,359
2213,312,177,437,165,455,289,315,300
2234,240,175,475,170,500,405,242,424
2230,266,154,478,158,506,370,259,385
2212,308,180,429,169,445,289,310,298
2255,267,208,462,189,486,387,280,405
2196,94,126,188,114,172,227,74,232
2214,313,170,443,159,462,287,316,298
2239,206,197,460,176,491,427,225,455
2195,76,124,169,111,149,228,53,231
2194,56,121,148,107,125,228,32,231
2201,194,145,291,131,292,234,188,242
2218,308,177,457,169,483,315,313,330
2246,223,221,457,195,488,429,245,455
2227,277,157,472,162,501,355,270,368
2222,289,167,459,168,484,335,287,347
2206,270,168,373,156,382,260,270,269
2224,286,160,465,164,492,342,281,353
2251,248,207,460,184,488,398,266,420
2241,206,205,458,179,492,429,230,459
2271,332,206,452,197,468,317,339,328
2284,367,218,446,216,454,294,372,299
2261,298,196,463,179,488,347,309,364
2300,273,220,332,218,336,276,275,280
2302,243,225,300,223,304,279,245,283
2291,356,214,422,212,428,277,360,281
2275,344,221,451,215,463,322,349,330
2308,133,217,185,215,187,269,134,273
2295,328,212,391,211,396,272,331,275
2281,361,216,449,214,457,301,366,306
2276,347,221,451,216,462,320,352,327
2279,354,220,449,218,457,312,358,317
2256,272,208,463,190,487,384,284,401
2314,41,204,86,201,86,254,40,259
2297,307,217,368,215,372,276,309,278
2280,357,218,448,216,457,306,361,312
2312,75,210,121,207,122,260,74,264
2303,226,225,282,223,286,279,228,283
2268,322,192,453,181,472,311,330,324
2301,258,223,316,220,320,278,261,282
2260,293,202,464,185,488,358,305,376
2294,335,211,399,210,404,272,339,275
2264,311,181,459,166,483,315,321,331
2316,9,200,52,197,51,251,8,255
2298,296,217,357,216,360,276,298,279
2287,364,209,436,207,444,278,369,282
2289,364,211,432,209,440,276,369,281
2309,117,216,168,214,169,268,118,272
2296,318,214,380,213,384,274,321,277
2282,365,216,450,213,459,297,371,302
2277,349,221,450,217,461,317,354,324
2299,286,218,346,217,349,276,288,279
2283,368,217,449,215,457,295,373,301
2304,206,223,262,221,265,277,208,281
2259,288,206,465,188,488,367,300,385
2265,316,180,459,167,481,310,325,324
2486,377,35,478,79,481,190,372,168
2462,169,23,326,37,318,178,134,173
2509,306,99,400,122,392,215,293,202
2482,379,19,484,65,491,178,377,154
2535,353,134,463,151,460,260,347,254
2479,374,2,485,48,495,163,374,137
2530,284,153,391,164,390,267,280,266
2489,377,46,474,90,473,199,367,177
2541,392,124,506,139,508,254,391,250
2496,354,77,449,119,441,226,336,205
2499,343,89,439,127,430,232,325,212
2490,375,51,472,96,470,205,364,182
2498,347,84,443,123,435,229,330,209
2495,359,74,454,117,447,225,342,203
2453,213,35,357,39,355,168,193,167
2505,323,96,419,124,412,222,310,208
2497,351,79,446,120,438,226,333,206
2510,300,96,394,117,386,209,288,198
2511,295,94,388,115,380,205,282,194
2537,369,128,480,145,478,256,364,251
2492,370,63,466,108,462,216,357,194
2508,310,101,404,126,395,219,296,206
2484,379,30,481,75,487,186,376,164
2533,328,137,437,154,433,261,320,256
2454,204,37,349,42,346,173,183,173
2500,338,92,434,129,425,233,321,214
2464,178,13,338,30,334,172,143,166
2507,316,99,410,125,402,220,301,206
2504,326,95,422,124,415,223,312,209
2543,405,125,521,137,526,255,407,253
2516,257,97,348,114,339,201,243,192
2467,210,0,369,27,373,166,181,156
2538,375,126,487,143,486,255,371,250
2452,223,34,365,39,363,166,205,164
2465,187,8,347,29,345,170,153,163
2521,236,133,329,144,323,235,226,230
2450,244,38,381,45,379,168,227,163
2545,418,123,537,134,544,255,422,253
2491,373,58,469,102,466,211,361,189
2522,238,137,332,149,326,241,228,236
2451,234,36,373,42,372,166,216,164
2566,442,100,595,109,602,268,444,261
2582,325,117,561,128,556,360,322,359
2633,476,198,564,206,556,298,469,288
2571,420,105,590,116,595,290,421,284
2609,314,161,504,167,501,354,311,352
2567,437,102,592,110,600,271,439,265
2601,265,124,532,134,523,391,262,391
2564,452,101,599,111,606,264,454,256
2579,359,113,572,124,571,337,356,335
2570,425,105,590,114,597,285,427,279
2630,465,205,556,212,550,307,458,298
2607,298,140,510,148,504,356,293,353
2576,386,111,581,121,583,318,386,315
2617,387,192,515,202,505,330,377,319
2603,276,122,527,133,520,376,272,373
2580,349,113,569,124,567,344,346,342
2598,252,135,537,143,526,414,253,416
2599,256,131,536,140,526,407,256,409
2756,500,202,568,211,560,283,492,272
2739,393,188,507,195,499,309,387,300
2745,427,185,518,193,510,286,419,275
2742,412,189,513,196,505,298,405,289
2758,528,204,593,215,584,284,519,272
2750,436,191,515,200,506,281,427,270
3202,237,209,249,203,254,236,242,239
3201,221,214,233,208,238,241,226,244
3276,202,194,497,161,527,473,214,480
3266,244,105,489,51,529,342,243,341
3283,243,210,530,210,546,480,252,515
3248,401,138,483,108,496,229,406,235
3251,378,127,480,94,496,232,384,238
3249,394,132,483,102,497,228,399,233
3233,442,153,474,135,489,201,453,210
3272,207,173,486,128,520,445,213,442
3205,288,195,301,188,306,222,293,226
3239,432,167,475,145,491,229,443,237
3228,440,155,468,141,479,196,449,203
3224,424,158,449,146,458,195,432,201
3262,285,84,484,35,518,266,284,273
3256,335,109,475,71,494,241,336,247
3250,386,129,482,97,497,229,392,235
3230,443,152,473,136,485,195,453,203
3211,364,174,381,166,387,204,370,208
3285,278,197,542,209,557,458,285,502
3270,213,160,483,112,518,428,214,422
3269,219,152,483,102,520,415,219,409
3219,408,164,430,155,437,199,415,204
3278,206,201,506,179,530,483,217,495
3254,354,121,478,85,495,241,358,247
3287,312,184,546,205,562,432,320,482
3280,214,210,514,198,533,491,224,509
3268,227,139,485,87,523,395,226,390
3227,436,153,463,140,473,193,444,200
3210,351,179,367,171,372,208,356,212
3218,402,166,423,157,430,200,408,205
3237,436,172,475,151,490,230,447,237
3215,389,162,408,154,416,194,396,199
3222,420,161,443,151,451,198,426,203
3234,441,160,474,142,490,211,452,219
3240,429,168,475,145,490,232,439,239
3236,439,172,476,153,490,228,449,235
3275,201,190,493,154,524,468,212,473
3208,326,188,340,181,345,216,330,220
3258,318,97,476,57,498,244,317,250
3271,212,166,485,120,520,437,214,432
3225,427,155,453,143,462,193,434,199
3267,234,122,487,68,526,370,233,366
3281,220,214,518,205,536,491,230,514
3231,444,148,474,131,487,193,454,201
3277,204,198,502,170,529,478,216,488
3229,441,155,470,140,481,197,450,204
3265,254,90,489,38,529,315,252,315
3260,304,89,481,46,507,251,302,258
3273,204,181,486,139,520,454,213,454
3243,424,160,481,136,493,234,431,240
3212,372,167,389,159,395,197,377,202
3241,426,168,476,145,489,236,435,242
3214,384,159,402,150,409,190,390,195
3282,230,213,524,209,540,487,239,516
3279,210,205,511,188,532,487,220,502
3221,417,162,440,152,448,198,424,203
3263,275,82,486,31,524,276,274,283
3274,202,188,489,148,522,462,213,465
3217,398,167,418,158,425,201,404,205
3216,393,166,413,157,420,199,400,203
3246,412,148,482,120,496,230,420,237
3261,295,86,483,40,513,257,293,264
3252,369,127,478,92,495,236,375,242
3226,431,152,457,140,466,192,438,198
3255,346,116,477,79,495,242,348,247
3242,424,165,477,142,490,236,432,242
3209,338,184,353,177,359,213,343,217
3284,259,204,536,210,552,470,267,510
3264,265,83,489,31,527,292,263,296
3220,413,163,436,153,443,198,419,203
3204,273,198,285,192,291,225,278,229
3238,435,170,476,148,491,230,446,237
3244,421,154,482,129,495,231,429,237
3213,377,160,395,152,402,191,383,196
3257,325,102,474,63,495,241,326,247
3286,296,191,546,207,561,445,304,493
3235,442,168,477,149,492,221,452,229
3223,421,160,446,149,454,197,428,202
3259,311,93,478,52,502,247,309,253
3245,417,150,483,123,496,230,425,236
3207,313,190,327,184,332,219,318,222
3232,443,148,474,130,488,194,454,203
3253,363,125,479,89,496,239,368,245
3247,406,144,482,115,497,230,413,237
3342,276,196,346,191,355,260,284,269
3302,363,188,467,206,476,325,371,341
3356,307,216,390,202,404,285,319,298
3390,209,232,276,184,323,259,252,303
3329,276,184,340,184,345,248,281,253
3310,325,207,417,213,427,312,335,326
3299,371,174,485,197,498,328,383,347
3332,271,193,334,190,340,254,278,261
3392,225,219,292,166,345,238,274,288
3313,311,204,399,209,408,302,320,314
3289,337,173,542,200,558,406,347,454
3352,296,217,376,205,389,285,307,297
3387,209,231,276,193,311,271,240,304
3358,317,219,400,203,414,287,329,300
3292,360,159,526,189,543,366,373,404
3339,267,193,333,188,342,254,275,263
3336,270,199,335,194,343,258,279,267
3381,232,217,297,195,315,272,246,288
3344,282,195,355,189,365,260,291,269
3309,329,206,422,214,432,315,339,329
3296,372,162,502,190,517,337,385,361
3338,267,194,333,189,342,254,276,263
3331,272,191,335,189,340,253,277,259
3291,355,162,533,192,550,378,367,420
3351,293,215,373,205,385,283,304,295
3391,219,225,285,173,336,247,265,294
3307,337,204,432,215,441,321,345,335
3382,225,215,290,190,311,267,242,286
3322,278,173,350,175,356,249,284,255
3389,203,236,271,192,313,268,242,308
3367,319,236,390,221,402,301,328,309
3372,310,235,377,220,388,297,319,305
3320,282,184,358,187,364,264,288,271
3362,330,233,409,219,421,301,340,311
3363,331,232,408,218,420,300,340,309
3303,358,192,459,209,469,325,366,340
3334,272,197,335,193,342,256,279,264
3314,307,202,394,206,402,297,315,308
3317,294,194,376,197,383,281,301,290
3371,312,234,379,219,391,296,321,304
3304,353,196,452,211,461,325,360,339
3330,274,188,337,187,342,251,279,257
3324,280,171,349,172,354,242,285,247
3347,290,203,366,195,377,270,300,280
3368,315,238,385,223,396,302,324,311
3318,290,191,370,195,376,277,297,284
3386,210,224,277,188,310,266,239,296
3290,348,168,538,196,555,392,359,437
3312,316,205,406,210,415,306,325,318
3325,282,170,350,172,355,240,287,245
3343,279,197,351,191,360,261,288,270
3301,365,183,472,203,483,326,375,343
3349,292,212,370,203,381,279,302,290
3323,279,172,349,173,355,245,284,251
3388,205,237,273,196,312,273,240,309
3326,281,173,347,174,352,241,286,246
3340,268,193,336,188,345,255,276,264
3298,373,169,491,194,505,329,385,350
3306,342,202,439,215,448,323,350,337
3364,331,230,407,215,419,297,340,306
3375,280,251,346,237,355,314,286,321
3383,220,214,285,186,309,263,240,286
3321,279,178,353,180,360,256,285,262
3305,348,200,446,214,455,324,356,338
3369,313,238,382,223,394,302,322,310
3315,302,198,387,203,395,291,310,301
3335,273,198,337,194,345,257,281,266
3370,312,236,380,221,391,299,321,307
3341,272,195,341,189,350,257,280,266
3376,278,247,344,234,352,310,284,317
3328,279,179,343,180,347,245,283,249
3361,330,231,410,216,422,299,340,310
3378,266,231,331,217,340,294,272,301
3346,287,196,362,189,372,262,296,272
3365,329,230,403,215,415,296,338,305
3294,367,159,513,188,529,349,380,379
3311,322,206,412,212,422,309,331,322
3327,280,176,345,177,349,243,284,248
3379,254,225,320,208,330,285,262,295
3377,273,239,339,225,347,302,279,309
3355,302,216,385,203,399,285,315,298
3360,327,225,408,210,422,294,338,306
3300,368,179,478,200,490,327,379,345
3357,312,217,395,202,410,285,325,299
3295,371,160,508,189,523,342,383,368
3337,268,196,333,192,341,256,276,265
3380,243,220,308,201,322,278,254,291
3333,271,195,334,192,341,255,278,263
3316,298,196,381,200,389,286,305,296
3350,292,213,371,204,383,282,302,293
3319,285,189,363,192,369,271,291,279
3297,372,165,496,192,511,333,385,354
3384,215,214,281,183,308,261,239,286
3359,322,220,404,205,418,289,334,302
3293,364,159,519,189,536,357,377,391
3348,291,208,368,200,379,275,300,286
3308,333,205,427,215,436,318,342,332
3373,302,242,368,228,378,305,309,313
3385,213,218,279,185,309,262,239,290
3345,284,193,358,187,368,259,293,269
3366,324,232,397,217,408,298,333,306
3353,296,217,378,205,391,285,308,298
3288,326,178,545,203,561,419,334,469
3354,298,217,380,204,394,285,311,298
3417,385,155,465,204,414,282,335,232
3400,235,195,318,152,360,236,275,277
3481,423,257,355,330,280,260,351,190
3374,289,249,355,236,364,313,295,319
3449,422,283,359,361,281,297,344,222
3429,441,232,480,317,393,356,356,270
3488,382,254,355,349,256,320,287,224
3443,412,287,379,380,285,346,320,255
3445,417,284,373,373,283,328,328,242
3421,408,184,477,245,414,314,346,251
3459,391,266,299,305,261,212,354,176
3395,219,220,288,162,345,234,273,289
3469,397,254,299,272,282,174,380,159
3446,419,284,371,371,283,322,333,238
3442,413,286,386,380,290,352,319,259
3413,353,140,442,171,409,258,321,225
3451,422,286,350,356,280,283,353,217
3450,424,284,356,358,282,289,351,218
3414,362,141,449,177,411,262,324,224
3432,444,247,469,337,377,362,353,271
3467,403,254,305,268,291,170,390,159
3448,420,283,362,365,280,306,339,227
3403,248,173,339,147,364,238,271,263
3456,392,278,303,327,255,238,344,192
3416,379,148,461,193,414,274,333,227
3479,420,263,345,329,277,252,355,189
3440,418,279,402,375,303,357,322,263
3409,307,145,402,153,392,247,296,237
3476,399,263,313,317,259,230,347,179
3441,414,283,392,378,295,355,319,261
3427,432,224,481,303,399,351,352,271
3455,396,283,310,336,257,249,344,199
3431,444,242,474,330,383,360,355,271
3393,224,218,292,162,347,234,276,287
3457,389,274,299,319,254,229,345,187
3486,404,254,361,343,269,298,316,209
3475,396,262,307,310,259,220,349,175
3407,281,152,377,148,378,243,282,244
3402,243,181,332,148,363,238,272,268
3435,440,262,450,356,354,366,345,271
3408,291,150,387,152,382,247,286,242
3437,433,271,432,367,334,365,337,270
3472,384,261,288,292,258,196,354,168
3462,403,256,307,283,281,187,377,163
3399,233,200,313,152,360,233,278,279
3465,408,253,311,269,295,171,394,159
3492,356,251,364,348,263,356,257,256
3410,318,140,413,154,397,247,302,231
3415,372,144,456,185,413,268,329,225
3490,368,254,358,352,256,341,270,241
3398,234,204,311,152,362,231,283,280
3468,399,254,301,270,286,172,385,159
3424,419,208,479,278,407,338,348,267
3436,436,267,441,362,343,365,341,270
3491,361,254,360,352,258,350,262,249
3484,417,253,360,334,276,275,336,195
3453,407,291,328,353,266,272,347,214
3460,395,263,301,298,267,204,361,172
3458,390,269,299,311,258,220,349,181
3466,407,253,309,267,296,169,394,158
3483,424,252,363,330,282,266,347,190
3480,420,262,348,332,277,259,351,192
3471,386,257,289,281,266,184,363,163
3425,425,212,482,286,407,342,351,268
3397,232,210,305,154,359,230,284,282
3419,398,168,472,224,415,297,341,240
3423,415,202,478,270,409,333,347,264
3473,387,261,294,299,257,205,351,170
3489,374,254,355,351,254,330,277,231
3418,392,162,469,214,415,290,339,236
3401,239,189,325,151,361,237,273,274
3422,411,195,478,260,412,325,346,260
3439,422,277,411,373,313,361,326,266
3447,420,284,366,368,281,314,336,232
3405,263,159,357,143,371,237,275,251
3444,416,285,378,376,285,336,325,248
3463,407,255,310,278,288,181,385,162
3464,408,255,310,274,292,176,390,161
3438,427,276,421,372,322,365,331,269
3411,332,137,425,157,403,249,310,226
3452,415,289,339,355,274,278,350,216
3477,403,267,321,325,262,241,346,185
3420,403,174,475,233,415,304,344,244
3430,443,237,478,323,389,358,356,270
3396,223,216,294,158,350,231,277,286
3428,437,228,480,310,396,354,354,271
3412,342,138,433,164,405,253,314,225
3478,413,266,335,328,271,248,352,188
3394,221,219,289,162,345,234,274,288
3485,412,254,361,339,273,286,327,202
3406,271,154,367,144,375,239,278,247
3487,392,254,357,346,261,309,300,216
3482,429,253,365,328,287,262,355,188
3474,392,261,301,304,258,212,351,172
3433,444,251,464,343,370,363,351,270
3434,444,256,459,349,364,364,350,270
3470,393,255,295,275,275,177,374,160
3461,401,259,306,289,275,195,371,167
3404,255,166,348,145,367,238,272,257
3493,359,249,377,343,279,361,262,263
3426,428,219,481,295,403,347,351,270
3524,346,239,398,179,459,230,408,291
3454,402,288,319,345,262,261,346,207
3520,354,214,419,166,468,230,404,279
3510,273,204,361,200,365,286,277,291
3495,349,242,384,330,293,365,258,274
3555,541,118,616,147,606,234,530,212
3559,639,136,702,179,683,266,619,228
3554,521,124,599,149,591,237,512,218
3531,312,241,365,174,431,225,381,292
3498,327,230,381,306,304,362,248,284
3512,267,205,353,186,371,269,286,289
3552,495,134,575,154,570,242,490,230
3523,349,231,405,173,463,228,409,286
3539,383,172,454,127,505,199,436,248
3515,294,202,373,167,408,243,331,279
3517,315,205,388,162,431,233,359,276
3518,327,209,397,164,442,234,373,278
3497,335,233,384,314,302,364,252,280
3533,321,229,377,165,442,219,389,284
3516,305,203,380,164,420,238,346,277
3534,327,219,385,157,449,214,394,277
3532,316,237,370,171,435,224,384,290
3553,507,129,586,152,579,240,500,224
3529,318,246,368,180,434,229,386,295
3544,451,150,531,136,556,221,478,243
3506,294,204,379,232,353,316,266,289
3528,323,250,372,184,437,233,390,298
3535,334,210,394,148,456,208,399,270
3511,269,206,356,195,367,280,281,293
3514,284,202,365,172,395,251,315,281
3530,314,243,365,176,431,226,382,292
3503,300,222,377,270,329,347,251,299
3526,334,252,383,188,446,237,399,300
3550,481,141,561,154,563,243,482,238
3556,562,116,636,149,624,236,549,209
3500,315,225,381,290,314,356,247,289
3527,328,253,377,189,441,237,394,301
3538,369,179,438,129,492,198,427,251
3499,319,227,379,298,307,359,245,286
3557,587,121,657,157,643,244,571,214
3546,463,146,545,140,561,228,482,241
3536,345,197,408,139,468,201,409,261
3560,667,145,726,192,705,278,645,237
3522,355,222,413,167,469,225,412,280
3521,359,215,421,164,473,226,412,277
3504,298,217,377,258,337,338,255,296
3496,343,238,384,322,298,365,255,278
3502,302,225,376,279,323,353,247,298
3509,279,201,367,205,364,292,275,289
3542,427,152,506,126,541,208,465,240
3551,485,138,566,155,564,243,483,234
3537,355,186,422,132,479,198,416,254
3558,612,128,679,168,662,254,594,220
3519,340,213,409,167,455,234,389,280
3525,340,247,389,184,452,233,404,295
3545,459,149,540,139,560,226,482,243
3547,469,142,551,141,564,229,483,238
3501,311,226,381,286,321,356,249,295
3548,475,140,557,144,566,233,485,236
3507,291,199,377,220,357,305,270,285
3541,413,156,490,123,530,203,456,240
3494,356,245,383,337,288,364,262,270
3513,274,203,357,178,382,259,299,285
3505,295,210,377,244,344,327,259,292
3540,399,163,474,124,519,200,448,244
3543,441,151,521,131,550,215,473,242
3508,286,198,373,211,362,297,273,286
3549,476,142,557,150,562,239,481,238
1400,85,129,175,122,176,215,83,228
1363,230,152,468,151,499,385,234,413
1337,340,151,418,151,429,227,349,233
1383,197,161,352,155,364,309,199,321
1364,227,152,472,152,503,392,231,422
1344,322,137,425,138,436,237,328,242
1385,185,160,325,153,335,293,186,305
1394,136,129,240,119,245,223,136,236
1354,306,117,458,120,474,267,307,273
1396,120,129,219,119,223,219,120,233
1378,232,158,427,157,446,349,236,366
1367,219,147,475,153,502,402,220,432
1372,230,143,471,149,492,384,232,408
1341,333,144,424,144,435,232,340,237
1376,238,157,449,159,468,365,242,385
1348,319,132,438,136,446,250,319,252
1373,235,151,468,158,487,385,236,407
1371,223,138,472,143,495,384,227,412
1343,325,136,423,137,434,232,330,237
1405,49,92,127,90,120,174,37,182
1390,161,145,276,135,283,250,162,263
1360,254,137,462,134,491,338,260,361
1392,148,135,256,125,262,234,148,247
1401,79,126,166,120,167,211,75,223
1368,217,143,474,149,501,399,219,428
1369,216,137,473,142,499,392,219,421
1381,212,159,382,155,396,324,213,337
1402,73,121,158,116,156,205,67,216
1339,337,150,421,149,432,231,345,237
1380,219,161,398,158,413,334,221,348
1336,342,155,418,154,428,228,351,234
1351,316,125,450,129,460,258,315,261
1406,39,90,114,89,106,171,27,178
1362,237,150,465,150,496,374,241,401
1370,218,135,472,140,497,386,222,416
1408,14,91,83,90,74,169,1,178
1389,165,149,283,139,291,258,166,271
1342,329,140,424,141,435,232,335,237
1375,239,157,457,162,476,375,241,395
1366,220,150,474,154,503,402,223,432
1379,226,160,414,158,430,342,229,358
1407,28,91,100,90,92,171,16,179
1387,174,152,302,143,310,272,174,284
1397,110,129,207,119,211,217,110,232
1347,319,138,433,142,441,252,319,253
1388,170,151,293,141,301,265,171,277
1377,236,158,439,158,458,356,240,376
1334,344,166,414,164,425,235,352,241
2311,89,212,137,210,138,263,88,267
2263,307,184,460,168,485,323,317,340
2441,320,14,434,30,433,128,310,116
2306,168,219,222,217,225,272,170,276
2307,150,217,203,215,205,270,152,273
2305,187,221,242,219,245,275,189,278
2273,340,215,454,208,467,321,347,330
2270,328,200,451,191,468,313,335,325
2443,300,27,419,39,421,144,291,136
2442,309,22,425,35,426,137,300,127
2444,293,30,415,42,416,149,283,142
2438,355,-6,460,9,457,98,344,80
2448,264,39,396,49,396,167,250,161
2446,278,37,406,47,407,160,267,154
2439,345,-2,452,17,450,108,334,92
2445,286,34,411,44,412,155,276,149
2449,254,39,389,48,388,168,239,163
2440,332,6,443,24,441,118,322,104
2447,271,39,401,49,402,164,259,159
2408,18,15,71,-1,59,55,5,73
2493,366,66,461,111,455,219,350,196
2460,170,37,323,47,315,187,138,184
2468,225,-3,382,27,389,163,200,151
2520,237,128,329,140,323,230,227,224
2512,289,96,381,116,372,205,275,193
2503,329,94,425,125,417,225,314,210
2527,257,166,357,174,358,272,253,273
2526,253,163,352,171,351,268,248,267
2458,178,45,327,52,321,190,149,188
2478,369,-1,482,44,493,160,368,134
2531,298,146,406,159,404,264,293,262
2524,250,150,346,162,341,256,241,252
2485,378,33,479,77,484,188,374,167
2461,169,31,323,43,315,184,134,179
2519,238,120,330,133,323,222,227,216
2536,362,131,472,148,470,258,357,253
2529,272,160,376,169,377,270,269,271
2481,378,14,484,59,493,173,377,149
2456,190,42,337,48,332,183,165,181
2532,314,140,422,156,419,262,307,258
2457,183,45,331,51,326,188,156,186
2466,197,4,357,28,359,168,165,159
2539,381,124,494,141,494,253,378,249
2534,342,135,451,153,448,261,335,255
2502,332,93,427,126,420,228,316,212
2455,197,40,343,45,339,178,174,176
2544,411,124,528,136,534,255,414,253
2528,262,165,365,173,366,273,260,274
2487,377,38,477,82,478,192,371,170
2463,172,17,330,32,324,174,136,169
2540,386,123,499,139,501,253,384,249
2518,242,110,333,125,326,213,230,206
2494,362,69,458,114,450,221,345,199
2483,380,25,483,71,489,183,377,159
2488,377,41,475,86,476,195,369,173
2525,251,157,349,167,346,262,244,260
2517,248,101,339,117,331,204,235,196
2480,377,8,485,53,494,167,376,143
2515,265,96,356,114,347,201,251,191
2501,336,93,431,128,423,230,319,213
2513,282,97,373,117,364,205,268,193
2459,173,42,324,50,317,189,143,187
2514,273,97,364,117,354,204,258,193
2542,399,125,514,139,518,255,400,252
2506,321,97,416,123,409,220,308,206
2523,245,144,339,156,334,248,235,244
